<?xml version="1.0" encoding="UTF-8"?>
<beans xmlns="http://www.springframework.org/schema/beans"
    xmlns:xsi="http://www.w3.org/2001/XMLSchema-instance"
    xsi:schemaLocation="
    http://www.springframework.org/schema/beans
    http://www.springframework.org/schema/beans/spring-beans-4.2.xsd
    http://www.springframework.org/schema/tx 
    http://www.springframework.org/schema/tx/spring-tx-4.2.xsd
    http://www.springframework.org/schema/context
    http://www.springframework.org/schema/context/spring-context-4.2.xsd"
    xmlns:p="http://www.springframework.org/schema/p"
    xmlns:tx="http://www.springframework.org/schema/tx"
    xmlns:context="http://www.springframework.org/schema/context">
    
    <!-- Configuration Properties -->
	<context:property-placeholder location="classpath:gongju/config/mybatis/jdbc.properties"/>
    
    <bean id="dataSource" class="org.apache.commons.dbcp.BasicDataSource" destroy-method="close">
    	<property name="driverClassName" value="${jdbc.driverClassName}" /> 
    	<property name="url" value="${jdbc.url}" />
    	<property name="username" value="${jdbc.username}" />
    	<property name="password" value="${jdbc.password}" />
    	<property name="validationQuery" value="SELECT 1"/>
        <property name="testWhileIdle" value="true"/>
        <property name="timeBetweenEvictionRunsMillis" value="14400000"/>
    </bean>
    
    <bean id="sqlSessionFactory" class="org.mybatis.spring.SqlSessionFactoryBean">     
    	<property name="dataSource" ref="dataSource" />                                         
    	<property name="mapperLocations" value="classpath:gongju/dao/mapper/*.xml" />  
    	<property name="configLocation" value="/WEB-INF/classes/gongju/config/mybatis/mybatis-config.xml" />
    </bean>
    
    <bean class="org.mybatis.spring.mapper.MapperScannerConfigurer">
    	<property name="basePackage" value="gongju"/>
    	<property name="annotationClass" value="gongju.dao.Mapper"/>
    	<property name="sqlSessionFactoryBeanName" value="sqlSessionFactory"/>
    </bean>
    
    <bean id="transactionManager"
        class="org.springframework.jdbc.datasource.DataSourceTransactionManager">
        <property name="dataSource" ref="dataSource" />
    </bean>
    <bean id="transactionTemplate"
        class="org.springframework.transaction.support.TransactionTemplate">
        <property name="transactionManager" ref="transactionManager" />
    </bean>
 
    <tx:annotation-driven transaction-manager="transactionManager"></tx:annotation-driven>
    
    <bean id="sqlSession" class="org.mybatis.spring.SqlSessionTemplate">
    	<constructor-arg index="0" ref="sqlSessionFactory" /> 
    </bean>
    
</beans>