<?xml version="1.0" encoding="UTF-8"?>
<beans xmlns="http://www.springframework.org/schema/beans"
	xmlns:mvc="http://www.springframework.org/schema/mvc"
	xmlns:xsi="http://www.w3.org/2001/XMLSchema-instance"
	xmlns:beans="http://www.springframework.org/schema/beans"
	xmlns:context="http://www.springframework.org/schema/context"
	xmlns:aop="http://www.springframework.org/schema/aop"
	xmlns:p="http://www.springframework.org/schema/p"
	xmlns:tx="http://www.springframework.org/schema/tx"
	xmlns:dwr="http://www.directwebremoting.org/schema/spring-dwr"
	xmlns:task="http://www.springframework.org/schema/task"
	xmlns:cache="http://www.springframework.org/schema/cache"
	xsi:schemaLocation="http://www.springframework.org/schema/mvc
						http://www.springframework.org/schema/mvc/spring-mvc-4.2.xsd
						http://www.springframework.org/schema/beans
						http://www.springframework.org/schema/beans/spring-beans-4.2.xsd
						http://www.springframework.org/schema/context
						http://www.springframework.org/schema/context/spring-context-4.2.xsd
						http://www.springframework.org/schema/aop
						http://www.springframework.org/schema/aop/spring-aop-4.2.xsd
						http://www.springframework.org/schema/tx
						http://www.springframework.org/schema/tx/spring-tx-4.2.xsd
						http://www.springframework.org/schema/task 
        				http://www.springframework.org/schema/task/spring-task-4.2.xsd
        				http://www.springframework.org/schema/cache 
        				http://www.springframework.org/schema/cache/spring-cache-4.2.xsd">
	<tx:annotation-driven />
	
	<!-- Scheduled -->
	<task:annotation-driven />
	
	<context:component-scan base-package="gongju" use-default-filters="false">
		<context:include-filter type="annotation" expression="org.springframework.stereotype.Controller"/>
		<context:include-filter type="annotation" expression="org.springframework.stereotype.Repository" />
		<context:include-filter type="annotation" expression="org.springframework.stereotype.Service" />
		<context:include-filter type="annotation" expression="org.springframework.stereotype.Component" />	
	</context:component-scan>
	
	<!-- EhCache -->
	<cache:annotation-driven />
	
	<bean id="cacheManager" class="org.springframework.cache.ehcache.EhCacheCacheManager">
	    <property name="cacheManager" ref="ehcache"/>
	</bean>
	<bean id="ehcache" class="org.springframework.cache.ehcache.EhCacheManagerFactoryBean">
	    <property name="configLocation" value="classpath:gongju/config/ehcache/ehcache.xml"/>
	    <property name="shared" value="true"/>
	</bean>
	
	<!-- Enables the Spring MVC @Controller programming model -->
	<mvc:annotation-driven>		
		<mvc:message-converters register-defaults="true">
			<bean class="org.springframework.http.converter.json.MappingJackson2HttpMessageConverter">
				<property name="supportedMediaTypes" value="text/plain;charset=UTF-8" />
			</bean>
		</mvc:message-converters>		
	</mvc:annotation-driven>
	
	<mvc:resources mapping="/include/**" location="/include/" />
	
	<!-- <bean id="swagger2Config" class="springfox.documentation.swagger2.configuration.Swagger2DocumentationConfiguration" /> -->
	<bean id="swagger2Config" class="gongju.core.swagger.Swagger2Config" />
	<mvc:resources mapping="swagger-ui.html" location="classpath:/META-INF/resources/" />
	<mvc:resources mapping="/webjars/**" location="classpath:/META-INF/resources/webjars/" />
	
	<!-- FileDownloadView -->
	<bean id="fileDownloadView" class="gongju.utils.DownloadUtil"/>
	<bean class="org.springframework.web.servlet.view.BeanNameViewResolver">
		<property name="order" value="0" />
	</bean>
	
	<!-- Resolves views selected for rendering by @Controllers to .jsp resources in the /WEB-INF/views directory -->
	<bean class="org.springframework.web.servlet.view.InternalResourceViewResolver">
		<property name="prefix" value="/" />
		<property name="suffix" value=".jsp" />
		<property name="contentType" value="text/html; charset=UTF-8" />
	</bean>
	
	<!-- MultiPart FileResolver -->
	<bean id="multipartResolver" 
		class="org.springframework.web.multipart.commons.CommonsMultipartResolver" />
</beans>