<?xml version="1.0" encoding="UTF-8"?>
<beans xmlns="http://www.springframework.org/schema/beans"
    xmlns:xsi="http://www.w3.org/2001/XMLSchema-instance"
    xmlns:security="http://www.springframework.org/schema/security"
    xmlns:beans="http://www.springframework.org/schema/beans"
    xsi:schemaLocation="http://www.springframework.org/schema/beans
                        http://www.springframework.org/schema/beans/spring-beans-4.2.xsd
                        http://www.springframework.org/schema/security
                        http://www.springframework.org/schema/security/spring-security-4.2.xsd">
 
    <security:http pattern="/swagger-resources/**" 			security="none"/>
	<security:http pattern="/swagger-ui.html/**" 			security="none"/>
	<security:http pattern="/v2/api-docs"		 			security="none"/>
	<security:http pattern="/webjars/**"		 			security="none"/>
    
    <security:http pattern="/api/user/login" 				security="none"/>
	<security:http pattern="/api/user/add" 					security="none"/>
    
    <security:http pattern="/api/**" entry-point-ref="restAuthenticationEntryPoint" create-session="stateless" authentication-manager-ref="jwtAuthenticationManager">
    	<security:csrf disabled="true"/>
    	<security:cors ref="corsFilter"/>
    	<security:custom-filter before="FORM_LOGIN_FILTER" ref="jwtAuthenticationFilter"/>
    </security:http>
    
    <beans:bean id="jwtAuthenticationFilter" class="gongju.core.jwt.JwtAuthenticationFilter">
        <beans:property name="authenticationManager" ref="jwtAuthenticationManager" />
        <beans:property name="authenticationSuccessHandler" ref="jwtAuthenticationSuccessHandler" />
    </beans:bean>
    
    <security:authentication-manager id="jwtAuthenticationManager" alias="jwtAuthenticationManager">
        <security:authentication-provider ref="jwtAuthenticationProvider" />
    </security:authentication-manager>
    
    <beans:bean id="restAuthenticationEntryPoint" 		class="gongju.core.jwt.RestAuthenticationEntryPoint" />
 	<beans:bean id="jwtAuthenticationSuccessHandler" 	class="gongju.core.jwt.JwtAuthenticationSuccessHandler" />
 	<beans:bean id="jwtAuthenticationProvider" 			class="gongju.core.jwt.JwtAuthenticationProvider" />
    
   	<security:authentication-manager>
 		<security:authentication-provider user-service-ref="userDetailService">
 		    <security:password-encoder ref="bcryptPasswordEncoder"/>
 		</security:authentication-provider>
 	</security:authentication-manager>

 	<beans:bean id="bcryptPasswordEncoder" 
 				class="org.springframework.security.crypto.bcrypt.BCryptPasswordEncoder" />
 	
 	<beans:bean id="userDetailService" class="gongju.service.impl.UserDetailServiceImpl" >
 		<beans:property name="sqlSessionFactory" ref="sqlSessionFactory" />    
 	</beans:bean>

 	<beans:bean id="corsFilter" class="gongju.core.CORSFilter" />
 
</beans>