<?xml version="1.0" encoding="UTF-8"?>
<!DOCTYPE mapper
    PUBLIC "-//mybatis.org//DTD Mapper 3.0//EN"
    "http://mybatis.org/dtd/mybatis-3-mapper.dtd">
<mapper namespace="gongju.dao.AreaDao">
    
    <insert id="areaMstAdd" parameterType="gongju.model.param.AreaMstAdd" useGeneratedKeys="true" keyColumn="areaID" keyProperty="areaID">
    	INSERT INTO areaMst (
    		areaName, areaLatitude, areaLongitude, areaMemo, createDate, addr1,  addr2,  addr3, isNDMS, ndmsStatus, ndmsResult
    	) VALUES (
    		#{areaName}, #{areaLatitude}, #{areaLongitude}, #{areaMemo}, #{createDate}, #{addr1}, #{addr2}, #{addr3}, #{isNDMS}, #{ndmsStatus}, #{ndmsResult}
    	)
    </insert>
    
    <insert id="cctvDeviceAdd" parameterType="gongju.model.CCTVDevice">
    	INSERT INTO cctvDevice (
    		cctvID, areaID, connectionURL, connectionPort, password, encryptKey,
    		latitude, longitude, addr1, addr2, addr3, memo
    	) VALUES (
    		#{cctvID}, #{areaID}, #{connectionURL}, #{connectionPort}, #{password}, #{encryptKey},
    		#{latitude}, #{longitude}, #{addr1}, #{addr2}, #{addr3}, #{memo}
    	)
    </insert>
    
    <insert id="broadcastDeviceAdd" parameterType="gongju.model.BroadcastDevice">
    	INSERT INTO broadcastDevice (
    		areaID, deviceType, phoneNum,
    		latitude, longitude, addr1, addr2, addr3, memo
    	) VALUES (
    		#{areaID}, #{deviceType}, #{phoneNum},
    		#{latitude}, #{longitude}, #{addr1}, #{addr2}, #{addr3}, #{memo}
    	)
    </insert>
    
    <insert id="rtuDeviceAdd" parameterType="gongju.model.RTUDevice">
    	INSERT INTO rtuDevice (
    		rtuID, areaID, connectionURL, connectionPort, 
    		latitude, longitude, addr1, addr2, addr3, memo
    	) VALUES (
    		#{rtuID}, #{areaID}, #{connectionURL}, #{connectionPort},
    		#{latitude}, #{longitude}, #{addr1}, #{addr2}, #{addr3}, #{memo}
    	)
    </insert>
    
    <insert id="sensorInfoAdd" parameterType="gongju.model.SensorInfo">
	    INSERT INTO sensorInfo(
	    	sensorID, rtuID, areaID, sensorType, sensorMin, sensorMax,
	    	latitude, longitude, addr1, addr2, addr3, memo,
	    	isAlarm, isNDMS, alarmStandard,
	    	cautionValue, cautionDeadband,
	    	alarmValue, alarmDeadband,
	    	evacuationValue, evacuationDeadband 
	    ) VALUES (
    		#{sensorID}, #{rtuID}, #{areaID}, #{sensorType}, #{sensorMin}, #{sensorMax},
    		#{latitude}, #{longitude}, #{addr1}, #{addr2}, #{addr3}, #{memo},
    		#{isAlarm}, #{isNDMS}, #{alarmStandard},
    		#{cautionValue}, #{cautionDeadband},
    		#{alarmValue}, #{alarmDeadband},
    		#{evacuationValue}, #{evacuationDeadband}
    	)
    </insert>
    
    <update id="areaMstModify" parameterType="gongju.model.param.AreaMstModify">
    	UPDATE areaMst
    	<trim prefix="SET" suffixOverrides=",">
	      	<if test="areaName != null and areaName != ''"> areaName = #{areaName}, </if>
	      	<if test="areaLatitude != null and areaLatitude != ''"> areaLatitude = #{areaLatitude}, </if>
	      	<if test="areaLongitude != null and areaLongitude != ''"> areaLongitude = #{areaLongitude}, </if>
	      	<if test="areaMemo != null and areaMemo != ''"> areaMemo = #{areaMemo}, </if>
	      	<if test="updateDate != null and updateDate != ''"> updateDate = #{updateDate}, </if>
	      	<if test="isDeleteTarget != null and isDeleteTarget != ''"> deleteDate = #{updateDate}, </if>
	   	</trim>
	   	WHERE areaID = #{areaID}
    </update>
    
    <update id="cctvDeviceModify" parameterType="gongju.model.param.CCTVDeviceModify">
    	UPDATE cctvDevice
    	<trim prefix="SET" suffixOverrides=",">
	      	<if test="connectionURL != null and connectionURL != ''"> connectionURL = #{connectionURL}, </if>
	      	<if test="connectionPort != null and connectionPort != ''"> connectionPort = #{connectionPort}, </if>
	      	<if test="password != null and password != ''"> password = #{password}, </if>
	      	<if test="encryptKey != null and encryptKey != ''"> encryptKey = #{encryptKey}, </if>
	      	<if test="latitude != null and latitude != ''"> latitude = #{latitude}, </if>
	      	<if test="longitude != null and longitude != ''"> longitude = #{longitude}, </if>
	      	<if test="addr1 != null and addr1 != ''"> addr1 = #{addr1}, </if>
	      	<if test="addr2 != null and addr2 != ''"> addr2 = #{addr2}, </if>
	      	<if test="addr3 != null and addr3 != ''"> addr3 = #{addr3}, </if>
	      	<if test="memo != null and memo != ''"> memo = #{memo}, </if>
	   	</trim>
    	WHERE cctvID = #{cctvID}
    	AND areaID = #{areaID}
    </update>
    
    <update id="broadcastDeviceModify" parameterType="gongju.model.param.BroadcastDeviceModify">
    	UPDATE broadcastDevice
    	<trim prefix="SET" suffixOverrides=",">
	      	<if test="deviceType != null and deviceType != ''"> deviceType = #{deviceType}, </if>
	      	<if test="phoneNum != null and phoneNum != ''"> phoneNum = #{phoneNum}, </if>
	      	<if test="latitude != null and latitude != ''"> latitude = #{latitude}, </if>
	      	<if test="longitude != null and longitude != ''"> longitude = #{longitude}, </if>
	      	<if test="addr1 != null and addr1 != ''"> addr1 = #{addr1}, </if>
	      	<if test="addr2 != null and addr2 != ''"> addr2 = #{addr2}, </if>
	      	<if test="addr3 != null and addr3 != ''"> addr3 = #{addr3}, </if>
	      	<if test="memo != null and memo != ''"> memo = #{memo}, </if>
	   	</trim>
    	WHERE broadcastDevID = #{broadcastDevID}
    	AND areaID = #{areaID}
    </update>
    
    <update id="rtuDeviceModify" parameterType="gongju.model.param.RTUDeviceModify">
    	UPDATE rtuDevice
    	<trim prefix="SET" suffixOverrides=",">
	      	<if test="connectionURL != null and connectionURL != ''"> connectionURL = #{connectionURL}, </if>
	      	<if test="connectionPort != null and connectionPort != ''"> connectionPort = #{connectionPort}, </if>
	      	<if test="latitude != null and latitude != ''"> latitude = #{latitude}, </if>
	      	<if test="longitude != null and longitude != ''"> longitude = #{longitude}, </if>
	      	<if test="addr1 != null and addr1 != ''"> addr1 = #{addr1}, </if>
	      	<if test="addr2 != null and addr2 != ''"> addr2 = #{addr2}, </if>
	      	<if test="addr3 != null and addr3 != ''"> addr3 = #{addr3}, </if>
	      	<if test="memo != null and memo != ''"> memo = #{memo}, </if>
	   	</trim>
    	WHERE rtuID = #{rtuID}
    	AND areaID = #{areaID}
    </update>
    
    <update id="sensorInfoModify" parameterType="gongju.model.param.SensorInfoModify">
    	UPDATE sensorInfo
    	<trim prefix="SET" suffixOverrides=",">
	      	<if test="sensorType != null and sensorType != ''"> sensorType = #{sensorType}, </if>
	      	<if test="sensorMin != null and sensorMin != ''"> sensorMin = #{sensorMin}, </if>
	      	<if test="sensorMax != null and sensorMax != ''"> sensorMax = #{sensorMax}, </if>
	      	<if test="latitude != null and latitude != ''"> latitude = #{latitude}, </if>
	      	<if test="longitude != null and longitude != ''"> longitude = #{longitude}, </if>
	      	<if test="addr1 != null and addr1 != ''"> addr1 = #{addr1}, </if>
	      	<if test="addr2 != null and addr2 != ''"> addr2 = #{addr2}, </if>
	      	<if test="addr3 != null and addr3 != ''"> addr3 = #{addr3}, </if>
	      	<if test="memo != null and memo != ''"> memo = #{memo}, </if>
	      	<if test="isAlarm != null and isAlarm != ''"> isAlarm = #{isAlarm}, </if>
	      	<if test="isNDMS != null and isNDMS != ''"> isNDMS = #{isNDMS}, </if>
	      	<if test="alarmStandard != null and alarmStandard != ''"> alarmStandard = #{alarmStandard}, </if>
	      	<if test="cautionValue != null and cautionValue != ''"> cautionValue = #{cautionValue}, </if>
	      	<if test="cautionDeadband != null and cautionDeadband != ''"> cautionDeadband = #{cautionDeadband}, </if>
	      	<if test="alarmValue != null and alarmValue != ''"> alarmValue = #{alarmValue}, </if>
	      	<if test="alarmDeadband != null and alarmDeadband != ''"> alarmDeadband = #{alarmDeadband}, </if>
	      	<if test="evacuationValue != null and evacuationValue != ''"> evacuationValue = #{evacuationValue}, </if>
	      	<if test="evacuationDeadband != null and evacuationDeadband != ''"> evacuationDeadband = #{evacuationDeadband}, </if>
	   	</trim>
	   	WHERE sensorID = #{sensorID}
    	AND rtuID = #{rtuID}
    	AND areaID = #{areaID}
    </update>
    
    
    <delete id="cctvDeviceDelete" parameterType="gongju.model.param.CCTVDeviceDelete">
    	DELETE FROM cctvDevice
    	WHERE cctvID = #{cctvID}
    	AND areaID = #{areaID}
    </delete>
    
    <delete id="broadcastDeviceDelete" parameterType="gongju.model.param.BroadcastDeviceDelete">
    	DELETE FROM broadcastDevice
    	WHERE broadcastDevID = #{broadcastDevID}
    	AND areaID = #{areaID}
    </delete>
    
    <delete id="rtuDeviceDelete" parameterType="gongju.model.param.RTUDeviceDelete">
    	DELETE FROM rtuDevice
    	WHERE rtuID = #{rtuID}
    	AND areaID = #{areaID}
    </delete>
    
    <delete id="sensorInfoDelete" parameterType="gongju.model.param.SensorInfoDelete">
    	DELETE FROM sensorInfo
    	WHERE sensorID = #{sensorID}
    	AND rtuID = #{rtuID}
    	AND areaID = #{areaID}
    </delete>
    
    
    <select id="areaMstListCount" parameterType="Map" resultType="Integer">
    	SELECT COUNT(*) as cnt
    	<include refid="listAreaMstSql"/>
    </select>
    
    <select id="areaMstList" parameterType="Map" resultMap="areaMstResult">
    	SELECT
    		  areaID
    		, areaName
    		, areaLatitude
    		, areaLongitude
    		, areaMemo
    		, CAST( DATE_FORMAT( createDate,'%Y.%m.%d %H:%i:%s' ) AS CHAR(19) ) createDate
    		, CAST( DATE_FORMAT( updateDate,'%Y.%m.%d %H:%i:%s' ) AS CHAR(19) ) updateDate
    		, addr1
    		, addr2
    		, addr3
    		, isNDMS
    		, ndmsStatus
    		, ndmsResult
    	<include refid="listAreaMstSql"/>
    	
    	<if test='(page != null and !page.equals("")) and (rows != null and !rows.equals(""))'>
			LIMIT #{page} , #{rows}
		</if>
    </select>
    
    <sql id="listAreaMstSql">
    	FROM areaMst
    	WHERE deleteDate IS NULL
   		<if test='areaID != null and areaID != ""'>
   			AND areaID = #{areaID}
   		</if>
    </sql>
    
    <select id="cctvDeviceList" resultType="gongju.model.CCTVDevice">
    	SELECT
    		  cctvID
    		, areaID
    		, connectionURL
    		, connectionPort
    		, password
    		, encryptKey
    		, latitude
    		, longitude
    		, addr1
    		, addr2
    		, addr3
    		, memo
    	FROM cctvDevice
    	WHERE areaID = #{areaID}
    </select>
    
    <select id="broadcastDeviceList" resultType="gongju.model.BroadcastDevice">
    	SELECT
    		  broadcastDevID
    		, areaID
    		, deviceType
    		, phoneNum
    		, latitude
    		, longitude
    		, addr1
    		, addr2
    		, addr3
    		, memo
    	FROM broadcastDevice
    	WHERE areaID = #{areaID}
    </select>
    
    <select id="rtuDeviceList" resultType="gongju.model.RTUDevice">
    	SELECT
    		  rtuID
    		, areaID
    		, connectionURL
    		, connectionPort
    		, latitude
    		, longitude
    		, addr1
    		, addr2
    		, addr3
    		, memo
    	FROM rtuDevice
    	WHERE areaID = #{areaID}
    </select>
    
    <select id="sensorInfoList" resultType="gongju.model.SensorInfo">
    	SELECT
    		  sensorID
    		, areaID
    		, rtuID
    		, sensorType
    		, sensorMin
    		, sensorMax
    		, latitude
    		, longitude
    		, addr1
    		, addr2
    		, addr3
    		, memo
    		, isAlarm
    		, isNDMS
    		, alarmStandard
    		, cautionValue
    		, cautionDeadband
    		, alarmValue
    		, alarmDeadband
    		, evacuationValue
    		, evacuationDeadband
    	FROM sensorInfo
    	WHERE areaID = #{areaID}
    </select>
    
    <resultMap id="areaMstResult" type="gongju.model.AreaMst">
    	<result property="areaID" 				column="areaID"/>
    	<result property="areaName" 			column="areaName"/>
    	<result property="areaLatitude" 		column="areaLatitude"/>
    	<result property="areaLongitude" 		column="areaLongitude"/>
    	<result property="areaMemo" 			column="areaMemo"/>
    	<result property="createDate" 			column="createDate"/>
    	<result property="updateDate" 			column="updateDate"/>
    	<collection property="cctvDevice" 		column="areaID" javaType="java.util.ArrayList" ofType="gongju.model.CCTVDevice" 		select="cctvDeviceList"/>
    	<collection property="broadcastDevice" 	column="areaID" javaType="java.util.ArrayList" ofType="gongju.model.BroadcastDevice" 	select="broadcastDeviceList"/>
    	<collection property="rtuDevice" 		column="areaID" javaType="java.util.ArrayList" ofType="gongju.model.RTUDevice" 			select="rtuDeviceList"/>
    	<collection property="sensorInfo" 		column="areaID" javaType="java.util.ArrayList" ofType="gongju.model.SensorInfo" 		select="sensorInfoList"/>
    </resultMap>
    
    <select id="cctvDeviceDetail" parameterType="gongju.model.param.CCTVDeviceDelete" resultType="gongju.model.CCTVDevice">
    	SELECT
    		  cctvID
    		, areaID
    		, connectionURL
    		, connectionPort
    		, password
    		, encryptKey
    		, latitude
    		, longitude
    		, addr1
    		, addr2
    		, addr3
    		, memo
    	FROM cctvDevice
    	WHERE areaID = #{areaID}
    	AND cctvID = #{cctvID}
    </select>
    
    <select id="broadcastDeviceDetail" parameterType="gongju.model.param.BroadcastDeviceDelete" resultType="gongju.model.BroadcastDevice">
    	SELECT
    		  broadcastDevID
    		, areaID
    		, deviceType
    		, phoneNum
    		, latitude
    		, longitude
    		, addr1
    		, addr2
    		, addr3
    		, memo
    	FROM broadcastDevice
    	WHERE areaID = #{areaID}
    	AND broadcastDevID = #{broadcastDevID}
    </select>
    
    <select id="rtuDeviceDetail" parameterType="gongju.model.param.RTUDeviceDelete" resultType="gongju.model.RTUDevice">
    	SELECT
    		  rtuID
    		, areaID
    		, connectionURL
    		, connectionPort
    		, latitude
    		, longitude
    		, addr1
    		, addr2
    		, addr3
    		, memo
    	FROM rtuDevice
    	WHERE areaID = #{areaID}
    	AND rtuID = #{rtuID}
    </select>
    
    <select id="sensorInfoDetail" parameterType="gongju.model.param.SensorInfoDelete" resultType="gongju.model.SensorInfo">
    	SELECT
    		  sensorID
    		, areaID
    		, rtuID
    		, sensorType
    		, sensorMin
    		, sensorMax
    		, latitude
    		, longitude
    		, addr1
    		, addr2
    		, addr3
    		, memo
    		, isAlarm
    		, isNDMS
    		, alarmStandard
    		, cautionValue
    		, cautionDeadband
    		, alarmValue
    		, alarmDeadband
    		, evacuationValue
    		, evacuationDeadband
    	FROM sensorInfo
    	WHERE areaID = #{areaID}
    	AND rtuID = #{rtuID}
    	AMD sensorID = #{sensorID}
    </select>
    
    <select id="rtuDeviceStatus" parameterType="gongju.model.param.RTUDeviceStatusParam" resultType="gongju.model.RTUDeviceStatus">
    	SELECT
		      rtuID
		    , rtuStatus
		    , watchdogStatus
		    , cdmaModemStatus
		    , acStatus
		    , batteryStatus
		    , doorOpenStatus
		    , batteryVoltage
		    , CAST( DATE_FORMAT( receiveDate,'%Y.%m.%d %H:%i:%s' ) AS CHAR(19) ) receiveDate
		FROM mqttRtuStatus
		WHERE rtuID = #{rtuID}
		ORDER BY receiveDate DESC 
		LIMIT 1
    </select>
    
    <select id="SensorInfoStatus" parameterType="gongju.model.param.SensorInfoStatusParam" resultType="gongju.model.SensorInfoStatus">
    	SELECT
		      rtuID
		    , sensorID
		    , sensorStatus
		FROM mqttSensorStatus
		WHERE rtuID = #{rtuID}
		AND sensorID = #{sensorID}
		AND sensorType = #{sensorTypeConvert}
		ORDER BY receiveDate DESC 
		LIMIT 1
    </select>
    
    <select id="SensorInfoValue" parameterType="gongju.model.param.SensorInfoStatusParam" resultType="gongju.model.SensorInfoValue">
    	SELECT
    		  sensorID
    		, valueType
		    , unitType
		    , dataType
		    , dataValue
		FROM mqttSensorValue
		WHERE rtuID = #{rtuID}
		AND sensorID = #{sensorID}
		AND valueType = #{sensorValueTypeConvert}
		ORDER BY receiveDate DESC 
		LIMIT 1
    </select>

	<!-- 행안부 API 법정동코드 -->
	<select id="getbdongCd" parameterType="gongju.model.param.AreaMstAdd" resultType="String">
		SELECT bdongCd
		  FROM bdongCd
		 WHERE addr1 = #{addr1}
		   AND addr2 = #{addr2}
	</select>
    
</mapper>