<?xml version="1.0" encoding="UTF-8"?>
<!DOCTYPE mapper
    PUBLIC "-//mybatis.org//DTD Mapper 3.0//EN"
    "http://mybatis.org/dtd/mybatis-3-mapper.dtd">
<mapper namespace="gongju.dao.BroadcastDao">
    
    <insert id="broadcastTemplateAdd" parameterType="gongju.model.BroadcastTemplate">
    	INSERT INTO broadcastTemplate (
    		userID, broadcastTemplateTitle, broadcastTemplate, createDate
    	) VALUES (
    		#{userID}, #{broadcastTemplateTitle}, #{broadcastTemplate}, #{createDate}
    	)
    </insert>
    	
    <update id="broadcastTemplateModify" parameterType="gongju.model.param.BroadcastTemplateModify">
    	UPDATE broadcastTemplate
    	<trim prefix="SET" suffixOverrides=",">
	      	<if test="broadcastTemplateTitle != null and broadcastTemplateTitle != ''"> broadcastTemplateTitle = #{broadcastTemplateTitle}, </if>
	      	<if test="broadcastTemplate != null and broadcastTemplate != ''"> broadcastTemplate = #{broadcastTemplate}, </if>
	      	<if test="updateDate != null and updateDate != ''"> updateDate = #{updateDate}, </if>
	      	<if test="deleteDate != null and deleteDate != ''"> deleteDate = #{deleteDate}, </if>
	   	</trim>
	   	WHERE broadcastTemplateSeq = #{broadcastTemplateSeq}
    </update>
    
    <select id="broadcastTemplateListCount" parameterType="Map" resultType="Integer">
    	SELECT COUNT(*) as cnt
    	<include refid="listBroadcastTemplateSql"/>
    </select>
    
    <select id="broadcastTemplateList" parameterType="Map" resultType="gongju.model.BroadcastTemplate">
    	SELECT
    		  broadcastTemplateSeq
    		, userID
    		, broadcastTemplateTitle
    		, broadcastTemplate
    		, CAST( DATE_FORMAT( createDate,'%Y.%m.%d' ) AS CHAR(10) ) createDate
		    , CAST( DATE_FORMAT( updateDate,'%Y.%m.%d' ) AS CHAR(10) ) updateDate
		    
    	<include refid="listBroadcastTemplateSql"/>
    	
    	ORDER BY broadcastTemplateSeq DESC
    	
    </select>
    
    <sql id="listBroadcastTemplateSql">
    	FROM broadcastTemplate
    	WHERE deleteDate IS NULL
    	
    	<if test='userID != null and userID != ""'>
   			AND userID = #{userID}
   		</if>
   		
   		<if test='broadcastTemplateSeq != null and broadcastTemplateSeq != ""'>
   			AND broadcastTemplateSeq = #{broadcastTemplateSeq}
   		</if>
    </sql>
    
    
    
    <insert id="broadcastMstAdd" parameterType="gongju.model.BroadcastMst" useGeneratedKeys="true" keyColumn="broadcastMstSeq" keyProperty="broadcastMstSeq">
    	INSERT INTO broadcastMst (
    		broadcastTitle, broadcastContent, beginEffect, endEffect,
    		broadcastType, broadcastPeriodType, beginPeriod, endPeriod, sendHour, sendMinute, sendPeriod,
    		userID, createDate
    	) VALUES (
    		#{broadcastTitle}, #{broadcastContent}, #{beginEffect}, #{endEffect},
    		#{broadcastType}, #{broadcastPeriodType}, #{beginPeriod}, #{endPeriod}, #{sendHour}, #{sendMinute}, #{sendPeriod},
    		#{userID}, #{createDate}
    	)
    </insert>
    
    <update id="broadcastMstModify" parameterType="gongju.model.BroadcastMst">
    	UPDATE broadcastMst
    	SET
	      	<if test="broadcastTitle != null and broadcastTitle != ''"> broadcastTitle = #{broadcastTitle}, </if>
	      	<if test="broadcastContent != null and broadcastContent != ''"> broadcastContent = #{broadcastContent}, </if>
	      	<if test="beginEffect == null or beginEffect == ''"> beginEffect = beginEffect, </if>
	      	<if test="endEffect != null and endEffect != ''"> endEffect = #{endEffect}, </if>
	      	<if test="broadcastType != null and broadcastType != ''"> broadcastType = #{broadcastType}, </if>
	      	<if test="broadcastPeriodType != null and broadcastPeriodType != ''"> broadcastPeriodType = #{broadcastPeriodType}, </if>
	      	<if test="beginPeriod != null and beginPeriod != ''"> beginPeriod = #{beginPeriod}, </if>
	      	<if test="endPeriod != null and endPeriod != ''"> endPeriod = #{endPeriod}, </if>
	      	<if test="sendHour != null and sendHour != ''"> sendHour = #{sendHour}, </if>
	      	<if test="sendMinute != null and sendMinute != ''"> sendMinute = #{sendMinute}, </if>
	      	<if test="sendPeriod != null and sendPeriod != ''"> sendPeriod = #{sendPeriod}, </if>
	   	updateDate = #{updateDate}
	   	WHERE broadcastMstSeq = #{broadcastMstSeq}
    </update>
    
    <delete id="broadcastMstDelete" parameterType="gongju.model.BroadcastMst">
    	DELETE FROM broadcastMst
    	WHERE broadcastMstSeq = #{broadcastMstSeq}
    </delete>
    
    <insert id="broadcastDtlAdd" parameterType="gongju.model.BroadcastMst" useGeneratedKeys="true" keyColumn="broadcastDtlSeq" keyProperty="broadcastDtlSeq">
    	INSERT INTO broadcastDtl (
    		broadcastMstSeq, broadcastDevID, areaID
    	) VALUES
    	<foreach collection="broadcastDtlList" item="item" separator=",">
    	(
    		#{broadcastMstSeq}, #{item.broadcastDevID}, #{item.areaID}
    	)
    	</foreach>
    </insert>
    
    <delete id="broadcastDtlDelete" parameterType="gongju.model.BroadcastMst">
    	DELETE FROM broadcastDtl
    	WHERE broadcastMstSeq = #{broadcastMstSeq}
    </delete>
    
    <insert id="sdkVmsSendAdd" parameterType="Map">
    	INSERT INTO SDK_VMS_SEND (
    		USER_ID, MSG_SUBTYPE, SCHEDULE_TYPE, NOW_DATE, SEND_DATE, CALLBACK, DEST_COUNT, DEST_INFO, RESERVED1, ATTACH_FILE
    	) VALUES (
    		#{userId}, #{msgSubtype}, #{scheduleType}, #{nowDate}, #{sendDate}, #{callback}, #{destCount}, #{destInfo}, #{reserved1}, #{attachFile}
    	)
    </insert>
    
    <delete id="sdkVmsSendDelete" parameterType="Integer">
    	DELETE FROM SDK_VMS_SEND
    	WHERE RESERVED1 = #{broadcastMstSeq}
    </delete>
    
    <delete id="sdkVmsSendReportDelete" parameterType="Integer">
    	DELETE FROM SDK_VMS_REPORT
    	WHERE RESERVED1 = #{broadcastMstSeq}
    </delete>
    
    
    <select id="vmsSendResultListCount" parameterType="Map" resultType="Integer">
    	SELECT COUNT(*) as cnt
    	<include refid="listSendResultSql"/>
    </select>
    
    <select id="vmsSendResultList" parameterType="Map" resultMap="vmsSendResult">
    	SELECT
		      A.broadcastMstSeq
		    , A.broadcastTitle
		    , A.broadcastContent
		    , A.beginEffect
		    , A.endEffect
		    , A.broadcastType
		    , A.broadcastPeriodType
		    , A.beginPeriod
		    , A.endPeriod
		    , A.sendHour
		    , A.sendMinute
		    , A.sendPeriod
		    , A.userID
		    , CASE
		        WHEN B.sendDate IS NOT NULL THEN DATE_FORMAT( B.sendDate,'%Y-%m-%d %H:%i:%s' )
		        WHEN C.sendDate IS NOT NULL THEN DATE_FORMAT( C.sendDate,'%Y-%m-%d %H:%i:%s' )
		    END beginBroadcastDate
		    , CASE
		        WHEN B.sendDate IS NOT NULL THEN ''
		        WHEN C.sendDate IS NOT NULL THEN DATE_FORMAT( DATE_ADD(C.sendDate, INTERVAL C.duration SECOND ),'%Y-%m-%d %H:%i:%s' )
		    END endBroadcastDate
		    , CASE
		        WHEN B.sendDate IS NOT NULL THEN CONCAT('전송중 ', 0, '/', B.destCount)
		        ELSE 
		            CASE
		                WHEN C.failCount = 0 THEN CONCAT('정상 ', C.succCount, '/', C.destCount)
		                WHEN C.failCount > 0 THEN CONCAT('실패 ', C.succCount, '/', C.destCount)
		            END
		    END sendStatus
		    
		<include refid="listSendResultSql"/>
		
		<if test='(page != null and !page.equals("")) and (rows != null and !rows.equals(""))'>
			LIMIT #{page} , #{rows}
		</if>
    </select>
    
    <sql id="listSendResultSql">
    	FROM broadcastMst A
		LEFT OUTER JOIN (
		    SELECT
		          RESERVED1 reserved1
		        , SEND_DATE sendDate
		        , SUM(DEST_COUNT) destCount
		    FROM SDK_VMS_SEND
		    GROUP BY RESERVED1, SEND_DATE
		) B ON A.broadcastMstSeq = B.reserved1
		LEFT OUTER JOIN (
		    SELECT
		          AA.RESERVED1 reserved1
		        , AA.SEND_DATE sendDate
		        , BB.DURATION duration
		        , SUM(AA.SUCC_COUNT) succCount
		        , SUM(AA.FAIL_COUNT) failCount
		        , SUM(AA.DEST_COUNT) destCount
		    FROM SDK_VMS_REPORT AA
		    LEFT OUTER JOIN (
		        SELECT MSG_ID, MAX(DURATION) DURATION
		        FROM SDK_VMS_REPORT_DETAIL
		        GROUP BY MSG_ID
		    ) BB ON AA.MSG_ID = BB.MSG_ID
		    GROUP BY AA.RESERVED1, AA.SEND_DATE, BB.DURATION
		) C ON A.broadcastMstSeq = C.reserved1
		<where>
			<if test='broadcastMstSeq != null and broadcastMstSeq != ""'>
    			AND A.broadcastMstSeq = #{broadcastMstSeq}
    		</if>
    		
    		<if test='broadcastType != null and broadcastType != ""'>
    			AND A.broadcastType = #{broadcastType}
    		</if>
    		
    		<if test='broadcastTitle != null and broadcastTitle != ""'>
    			AND A.broadcastTitle LIKE CONCAT('%', #{broadcastTitle}, '%')
    		</if>
    		
    		<if test='beginSendDate != null and beginSendDate != ""'>
    			AND DATE_FORMAT( C.sendDate,'%Y-%m-%d' ) <![CDATA[ >= ]]> #{beginSendDate}
    		</if>
    		
    		<if test='endSendDate != null and endSendDate != ""'>
    			AND DATE_FORMAT( C.sendDate,'%Y-%m-%d' ) <![CDATA[ <= ]]> #{endSendDate}
    		</if>
    		
    		<if test='beginReserveDate != null and beginReserveDate != ""'>
    			AND DATE_FORMAT( B.sendDate,'%Y-%m-%d' ) <![CDATA[ >= ]]> #{beginReserveDate}
    		</if>
    		
    		<if test='endReserveDate != null and endReserveDate != ""'>
    			AND DATE_FORMAT( B.sendDate,'%Y-%m-%d' ) <![CDATA[ <= ]]> #{endReserveDate}
    		</if>
    		
    		<if test='isSend != null and isSend != ""'>
    			<choose>
    				<when test='isSend == "Y"'>
    					AND C.sendDate IS NOT NULL
    				</when>
    				<when test='isSend == "N"'>
    					AND C.sendDate IS NULL
    				</when>
    			</choose>
    		</if>
		</where>
    </sql>
    
    <select id="broadcastDtlList" resultType="gongju.model.BroadcastDtlList">
    	SELECT
		      D.areaName
		    , E.deviceType
		    , A.broadcastDevID
		    , DATE_FORMAT( B.SEND_DATE,'%Y-%m-%d %H:%i:%s' ) beginBroadcastDate
		    , DATE_FORMAT( DATE_ADD(B.SEND_DATE, INTERVAL C.DURATION SECOND ),'%Y-%m-%d %H:%i:%s' ) endBroadcastDate
		    , CASE
		        WHEN C.TCS_RESULT IS NULL OR C.TCS_RESULT = -2 THEN '대기'
		        WHEN C.TCS_RESULT = 0 THEN '정상'
		        ELSE '실패'
		    END sendResult
		    , A.broadcastMstSeq
		    , A.broadcastDtlSeq
		FROM broadcastDtl A
		LEFT OUTER JOIN SDK_VMS_REPORT B ON A.broadcastMstSeq = B.RESERVED1
		LEFT OUTER JOIN SDK_VMS_REPORT_DETAIL C ON B.JOB_ID = C.JOB_ID
		LEFT OUTER JOIN areaMst D ON A.areaID = D.areaID
		LEFT OUTER JOIN broadcastDevice E ON A.broadcastDevID = E.broadcastDevID
		WHERE A.broadcastMstSeq = #{broadcastMstSeq}
    </select>
    
    <resultMap id="vmsSendResult" type="gongju.model.BroadcastMstList">
    	<result property="broadcastMstSeq" 			column="broadcastMstSeq"/>
    	<result property="broadcastTitle" 			column="broadcastTitle"/>
    	<result property="broadcastContent" 		column="broadcastContent"/>
    	<result property="beginEffect" 				column="beginEffect"/>
    	<result property="endEffect" 				column="endEffect"/>
    	<result property="broadcastType" 			column="broadcastType"/>
    	<result property="broadcastPeriodType" 		column="broadcastPeriodType"/>
    	<result property="beginPeriod" 				column="beginPeriod"/>
    	<result property="endPeriod" 				column="endPeriod"/>
    	<result property="sendHour" 				column="sendHour"/>
    	<result property="sendMinute" 				column="sendMinute"/>
    	<result property="sendPeriod" 				column="sendPeriod"/>
    	<result property="userID" 					column="userID"/>
    	<result property="beginBroadcastDate" 		column="beginBroadcastDate"/>
    	<result property="endBroadcastDate" 		column="endBroadcastDate"/>
    	<result property="sendStatus" 				column="sendStatus"/>
    	<collection property="broadcastDtlList" 	column="broadcastMstSeq" javaType="java.util.ArrayList" ofType="gongju.model.BroadcastDtlList" select="broadcastDtlList"/>
    </resultMap>
    
</mapper>