<?xml version="1.0" encoding="UTF-8"?>
<!DOCTYPE mapper
    PUBLIC "-//mybatis.org//DTD Mapper 3.0//EN"
    "http://mybatis.org/dtd/mybatis-3-mapper.dtd">
<mapper namespace="gongju.dao.LoginDao">

    <insert id="insertUser" parameterType="gongju.model.User" useGeneratedKeys="true" keyColumn="userSeq" keyProperty="userSeq">
        INSERT INTO user (
			userID, 
			loginPassword,
			userFullName,
			phoneNum,
			organizationName,
			isAdminPerm,
			isSMSPerm,
			isBroadcastPerm,
			isCCTVViewPerm,
			isCCTVCtrlPerm
		) VALUES (
			#{userID},
			#{password},
			#{userFullName},
			#{phoneNum},
			#{organizationName},
			#{isAdminPerm},
			#{isSMSPerm},
			#{isBroadcastPerm},
			#{isCCTVViewPerm},
			#{isCCTVCtrlPerm}
		)
    </insert>
    
    <update id="updateUser" parameterType="gongju.model.User">
        UPDATE user
       	<trim prefix="SET" suffixOverrides=",">
	      	<if test="isVerifiedByAdmin != null and isVerifiedByAdmin != ''"> isVerifiedByAdmin = ${isVerifiedByAdmin}, </if>
	   </trim>
   		WHERE userID = #{userID}
    </update>
    
    <select id="getPassword" parameterType="String" resultType="String">
	    SELECT 
	    	loginPassword 
	    FROM user 
	    WHERE userID = #{userID}
	</select>
    
    <select id="getUser" parameterType="gongju.model.User" resultType="gongju.model.User">
        SELECT
        	  userID
        	, userFullName
        	, phoneNum
        	, organizationName
        	, isAdminPerm
        	, isSMSPerm
        	, isBroadcastPerm
        	, isCCTVViewPerm
        	, isCCTVCtrlPerm
        	, isVerifiedByAdmin
        FROM user
        <where>
	        <if test='userID != null and userID != ""'>
	        	AND userID = #{userID}
	        </if>
	        
	        <if test='isVerifiedByAdmin != null and isVerifiedByAdmin != ""'>
	        	AND isVerifiedByAdmin = true
	        </if>
        </where>
    </select>
    
</mapper>