<?xml version="1.0" encoding="UTF-8"?>
<!DOCTYPE mapper
    PUBLIC "-//mybatis.org//DTD Mapper 3.0//EN"
    "http://mybatis.org/dtd/mybatis-3-mapper.dtd">
<mapper namespace="gongju.dao.SmsDao">
    
    <insert id="smsGroupAdd" parameterType="gongju.model.SmsGroup" useGeneratedKeys="true" keyColumn="smsGroupSeq" keyProperty="smsGroupSeq">
    	INSERT INTO smsGroup (
    		smsGroupName,
    		userID,
    		createDate
    	) VALUES (
		    #{smsGroupName},
		    #{userID},
		    #{createDate}
    	)
    </insert>
    
    <update id="smsGroupModify" parameterType="gongju.model.SmsGroup">
    	UPDATE smsGroup
    	SET
	      	<if test="smsGroupName != null and smsGroupName != ''"> smsGroupName = #{smsGroupName}, </if>
	      	<if test="deleteDate != null and deleteDate != ''"> deleteDate = #{deleteDate}, </if>
	      	updateDate = #{updateDate}
   		WHERE smsGroupSeq = #{smsGroupSeq}
    </update>
    
    <select id="smsGroupList" parameterType="gongju.model.SmsGroup" resultMap="smsGroupResult">
    	SELECT
    		  smsGroupSeq
			, smsGroupName
			, userID
			, CAST( DATE_FORMAT( createDate,'%Y-%m-%d %H:%i:%s' ) AS CHAR(19) ) createDate
			, CAST( DATE_FORMAT( updateDate,'%Y-%m-%d %H:%i:%s' ) AS CHAR(19) ) updateDate
		FROM smsGroup
    	WHERE deleteDate IS NULL
    	<if test='userID != null and userID != ""'>
    		AND userID = #{userID}
    	</if>
    	<if test='smsGroupSeq != null and smsGroupSeq != ""'>
    		AND smsGroupSeq = #{smsGroupSeq}
    	</if>
    </select>
    
    <select id="smsPhoneList" resultType="gongju.model.SmsPhone">
    	SELECT
    		  smsPhoneSeq
    		, smsGroupSeq
    		, phoneName
    		, phoneNumber
    	FROM smsPhone
    	WHERE smsGroupSeq = #{smsGroupSeq}
    </select>
    
    <resultMap id="smsGroupResult" type="gongju.model.SmsGroup">
    	<result property="smsGroupSeq" 		column="smsGroupSeq"/>
    	<result property="smsGroupName" 	column="smsGroupName"/>
    	<result property="userID" 			column="userID"/>
    	<result property="createDate" 		column="createDate"/>
    	<result property="updateDate" 		column="updateDate"/>
    	<collection property="smsPhoneList" column="smsGroupSeq" javaType="java.util.ArrayList" ofType="gongju.model.SmsPhone" select="smsPhoneList"/>
    </resultMap>
    
    
    
    <insert id="smsPhoneAdd" parameterType="gongju.model.SmsPhone">
    	INSERT INTO smsPhone (
    		smsGroupSeq,
    		phoneName,
    		phoneNumber
    	) VALUES (
    		#{smsGroupSeq},
    		#{phoneName},
    		#{phoneNumber}
    	)
    </insert>
    
    <update id="smsPhoneModify" parameterType="gongju.model.SmsPhone">
    	UPDATE smsPhone
    	SET phoneName = #{phoneName},
    		phoneNumber = #{phoneNumber}
    	WHERE smsPhoneSeq = #{smsPhoneSeq}
    </update>
    
    <delete id="smsPhoneDelete" parameterType="gongju.model.SmsPhone">
    	DELETE FROM smsPhone
    	WHERE smsPhoneSeq = #{smsPhoneSeq}
    </delete>
    
    
    
    <insert id="smsTemplateAdd" parameterType="gongju.model.SmsTemplate">
    	INSERT INTO smsTemplate (
    		userID,
    		smsTemplateTitle,
    		smsTemplate,
    		createDate
    	) VALUES (
    		#{userID},
    		#{smsTemplateTitle},
    		#{smsTemplate},
    		#{createDate}
    	)
    </insert>
    
    <update id="smsTemplateModify" parameterType="gongju.model.SmsTemplate">
    	UPDATE smsTemplate
    	<trim prefix="SET" suffixOverrides=",">
	      	<if test="smsTemplateTitle != null and smsTemplateTitle != ''"> smsTemplateTitle = #{smsTemplateTitle}, </if>
	      	<if test="smsTemplate != null and smsTemplate != ''"> smsTemplate = #{smsTemplate}, </if>
	      	<if test="updateDate != null and updateDate != ''"> updateDate = #{updateDate}, </if>
	      	<if test="deleteDate != null and deleteDate != ''"> deleteDate = #{deleteDate}, </if>
	   	</trim>
	   	WHERE smsTemplateSeq = #{smsTemplateSeq}
    </update>
    
    <select id="smsTemplateListCount" parameterType="Map" resultType="Integer">
    	SELECT COUNT(*) as cnt
    	<include refid="listSmsTemplateSql"/>
    </select>
    
    <select id="smsTemplateList" parameterType="Map" resultType="gongju.model.SmsTemplate">
    	SELECT
			  smsTemplateSeq
		    , userID
		    , smsTemplateTitle
		    , smsTEmplate
		    , CAST( DATE_FORMAT( createDate,'%Y.%m.%d' ) AS CHAR(10) ) createDate
		    , CAST( DATE_FORMAT( updateDate,'%Y.%m.%d' ) AS CHAR(10) ) updateDate
    
    	<include refid="listSmsTemplateSql"/>

		ORDER BY smsTemplateSeq DESC
    
    	<if test='(page != null and !page.equals("")) and (rows != null and !rows.equals(""))'>
			LIMIT #{page} , #{rows}
		</if>
    </select>
    
    <sql id="listSmsTemplateSql">
    	FROM smsTemplate
    	WHERE deleteDate IS NULL
    	
    	<if test='userID != null and userID != ""'>
   			AND userID = #{userID}
   		</if>
   		
   		<if test='smsTemplateSeq != null and smsTemplateSeq != ""'>
   			AND smsTemplateSeq = #{smsTemplateSeq}
   		</if>
    </sql>
    
    
    
    <insert id="smsMstAdd" parameterType="gongju.model.SmsMst" useGeneratedKeys="true" keyColumn="smsMstSeq" keyProperty="smsMstSeq">
    	INSERT INTO smsMst (
    		userID, smsContent, smsType, createDate, reserveDate
    	) VALUES (
    		#{userID}, #{smsContent}, #{smsType}, #{createDate}, #{reserveDate}
    	)	
    </insert>
    
    <update id="smsMstModify" parameterType="gongju.model.SmsMst">
    	UPDATE smsMst
    	<trim prefix="SET" suffixOverrides=",">
	      	<if test="smsContent != null and smsContent != ''"> smsContent = #{smsContent}, </if>
	      	<if test="reserveDate != null and reserveDate != ''"> reserveDate = #{reserveDate}, </if>
	      	<if test="reserveDate == null or reserveDate == ''"> reserveDate = NULL, </if>
	      	<if test="smsType != null and smsType != ''"> smsType = #{smsType}, </if>
	   	</trim>
    	WHERE smsMstSeq = #{smsMstSeq}
    </update>
    
    <delete id="smsMstDelete" parameterType="gongju.model.SmsMst">
    	DELETE FROM smsMst
    	WHERE smsMstSeq = #{smsMstSeq}
    </delete>
    
    <insert id="smsDtlAdd" parameterType="gongju.model.SmsMst">
    	INSERT INTO smsDtl (
    		smsMstSeq, phoneName, phoneNumber
    	) VALUES
    	<foreach collection="smsDtlList" item="item" separator=",">
    	(
    		#{smsMstSeq}, #{item.phoneName}, #{item.phoneNumber}
    	)
    	</foreach>
    </insert>
    
    <delete id="smsDtlDelete" parameterType="gongju.model.SmsMst">
    	DELETE FROM smsDtl
    	WHERE smsMstSeq = #{smsMstSeq}
    </delete>
    
    <insert id="sdkSmsSendAdd" parameterType="Map">
    	INSERT INTO SDK_SMS_SEND (
    		USER_ID, SCHEDULE_TYPE, SMS_MSG, NOW_DATE, SEND_DATE, CALLBACK, DEST_COUNT, DEST_INFO, RESERVED1
    	) VALUES (
    		#{userId}, #{scheduleType}, #{smsMsg}, #{nowDate}, #{sendDate}, #{callback}, #{destCount}, #{destInfo}, #{reserved1}
    	)
    </insert>
    
    <delete id="sdkSmsSendDelete" parameterType="Integer">
    	DELETE FROM SDK_SMS_SEND
    	WHERE RESERVED1 = #{smsMstSeq}
    </delete>
    
    <delete id="sdkSmsSendReportDelete" parameterType="Integer">
    	DELETE FROM SDK_SMS_REPORT
    	WHERE RESERVED1 = #{smsMstSeq}
    </delete>
    
    <select id="smsSendResultListCount" parameterType="Map" resultType="Integer">
    	SELECT COUNT(*) as cnt
    	<include refid="listSendResultSql"/>
    </select>
    
    <select id="smsSendResultList" parameterType="Map" resultMap="smsSendResult">
    	SELECT
		      A.smsMstSeq
		    , CASE
		        WHEN B.sendDate IS NOT NULL THEN DATE_FORMAT( B.sendDate,'%Y-%m-%d %H:%i:%s' )
		        WHEN C.sendDate IS NOT NULL THEN DATE_FORMAT( C.sendDate,'%Y-%m-%d %H:%i:%s' )
		    END sendDate
		    , A.smsContent
		    , A.userID
		    , CASE
		        WHEN B.sendDate IS NOT NULL THEN CONCAT('전송중 ', 0, '/', B.destCount)
		        ELSE 
		            CASE
		                WHEN C.failCount = 0 THEN CONCAT('정상 ', C.succCount, '/', C.destCount)
		                WHEN C.failCount > 0 THEN CONCAT('실패 ', C.succCount, '/', C.destCount)
		            END
		    END sendStatus
    	<include refid="listSendResultSql"/>
    	
    	<if test='(page != null and !page.equals("")) and (rows != null and !rows.equals(""))'>
			LIMIT #{page} , #{rows}
		</if>
    </select>
    
    <sql id="listSendResultSql">
    	FROM smsMst A
		LEFT OUTER JOIN (
		    SELECT
		          RESERVED1 reserved1
		        , SEND_DATE sendDate
		        , SUM(DEST_COUNT) destCount
		    FROM SDK_SMS_SEND
		    GROUP BY RESERVED1, SEND_DATE
		) B ON A.smsMstSeq = B.reserved1
		LEFT OUTER JOIN (
		    SELECT
		          RESERVED1 reserved1
		        , SEND_DATE sendDate
		        , SUM(SUCC_COUNT) succCount
		        , SUM(FAIL_COUNT) failCount
		        , SUM(DEST_COUNT) destCount
		    FROM SDK_SMS_REPORT
		    GROUP BY RESERVED1, SEND_DATE
		) C ON A.smsMstSeq = C.reserved1
    	<where>
    		<if test='smsMstSeq != null and smsMstSeq != ""'>
    			AND A.smsMstSeq = #{smsMstSeq}
    		</if>
    		
    		<if test='smsType != null and smsType != ""'>
    			AND A.smsType = #{smsType}
    		</if>
    		
    		<if test='smsContent != null and smsContent != ""'>
    			AND A.smsContent LIKE CONCAT('%', #{smsContent}, '%')
    		</if>
    		
    		<if test='beginSendDate != null and beginSendDate != ""'>
    			AND DATE_FORMAT( C.sendDate,'%Y-%m-%d' ) <![CDATA[ >= ]]> #{beginSendDate}
    		</if>
    		
    		<if test='endSendDate != null and endSendDate != ""'>
    			AND DATE_FORMAT( C.sendDate,'%Y-%m-%d' ) <![CDATA[ <= ]]> #{endSendDate}
    		</if>
    		
    		<if test='beginReserveDate != null and beginReserveDate != ""'>
    			AND DATE_FORMAT( B.sendDate,'%Y-%m-%d' ) <![CDATA[ >= ]]> #{beginReserveDate}
    		</if>
    		
    		<if test='endReserveDate != null and endReserveDate != ""'>
    			AND DATE_FORMAT( B.sendDate,'%Y-%m-%d' ) <![CDATA[ <= ]]> #{endReserveDate}
    		</if>
    		
    		<if test='isSend != null and isSend != ""'>
    			<choose>
    				<when test='isSend == "Y"'>
    					AND C.sendDate IS NOT NULL
    				</when>
    				<when test='isSend == "N"'>
    					AND C.sendDate IS NULL
    				</when>
    			</choose>
    		</if>
    	</where>
    </sql>
    
    <select id="smsDtlList" resultType="gongju.model.SmsDtlList">
    	SELECT
		      A.phoneName
		    , A.phoneNumber
		    , CASE
		        WHEN C.TCS_RESULT IS NULL OR C.TCS_RESULT = -2 THEN '대기'
		        WHEN C.TCS_RESULT = 0 THEN '정상'
		        ELSE '실패'
		    END sendResult
		FROM smsDtl A
		LEFT OUTER JOIN SDK_SMS_REPORT B ON A.smsMstSeq = B.RESERVED1
		LEFT OUTER JOIN SDK_SMS_REPORT_DETAIL C ON B.JOB_ID = C.JOB_ID
    	WHERE A.smsMstSeq = #{smsMstSeq}
    </select>
    
    <resultMap id="smsSendResult" type="gongju.model.SmsMstList">
    	<result property="smsMstSeq" 		column="smsMstSeq"/>
    	<result property="userID" 			column="userID"/>
    	<result property="smsContent" 		column="smsContent"/>
    	<result property="smsType" 			column="smsType"/>
    	<result property="createDate" 		column="createDate"/>
    	<result property="reserveDate" 		column="reserveDate"/>
    	<collection property="smsDtlList" 	column="smsMstSeq" javaType="java.util.ArrayList" ofType="gongju.model.SmsDtlList" select="smsDtlList"/>
    </resultMap>
    
</mapper>