<?xml version="1.0" encoding="UTF-8"?>
<!DOCTYPE mapper
    PUBLIC "-//mybatis.org//DTD Mapper 3.0//EN"
    "http://mybatis.org/dtd/mybatis-3-mapper.dtd">
<mapper namespace="gongju.dao.UserDao">

	<select id="userMstList" parameterType="gongju.model.UserMst" resultMap="userResult">
		SELECT
			  userID
			, userFullName
			, phoneNum
			, organizationName
			, createDate
		<include refid="listUserMstSql"/>
		  
		<if test='(page != null and !page.equals("")) and (rows != null and !rows.equals(""))'>
			LIMIT #{page} , #{rows}
		</if>
	</select>
	
	<select id="userMstListCount" parameterType="Map" resultType="Integer">
		SELECT COUNT(*) as cnt
		<include refid="listUserMstSql"/>
	</select>

	<sql id="listUserMstSql">
    	FROM user
       WHERE (isDelete = false or isDelete is null)
    	<if test='userFullName != null and userFullName != ""'>
		 AND userFullName LIKE CONCAT('%', #{userFullName}, '%')
		</if>
    </sql>
    
    <update id="userMstModify" parameterType="gongju.model.param.UserMstModify">
    	UPDATE user
    	<trim prefix="SET" suffixOverrides=",">
	      	<if test="userFullName != null and userFullName != ''"> userFullName = #{userFullName}, </if>
	      	<if test="phoneNum != null and phoneNum != ''"> phoneNum = #{phoneNum}, </if>
	      	<if test="organizationName != null and organizationName != ''"> organizationName = #{organizationName}, </if>
	      	<if test="isAdminPerm != null and isAdminPerm != ''"> isAdminPerm = #{isAdminPerm}, </if>
	      	<if test="isSMSPerm != null and isSMSPerm != ''"> isSMSPerm = #{isSMSPerm}, </if>
	      	<if test="isBroadcastPerm != null and isBroadcastPerm != ''"> isBroadcastPerm = #{isBroadcastPerm}, </if>
	      	<if test="isCCTVViewPerm != null and isCCTVViewPerm != ''"> isCCTVViewPerm = #{isCCTVViewPerm}, </if>
	      	<if test="isCCTVCtrlPerm != null and isCCTVCtrlPerm != ''"> isCCTVCtrlPerm = #{isCCTVCtrlPerm}, </if>
	      	<if test="updateDate != null and updateDate != ''"> updateDate = #{updateDate}, </if>
	   	</trim>
	   	WHERE userID = #{userID}
    </update>
    
    <delete id="userMstDelete" parameterType="gongju.model.param.UserMstModify">
    	UPDATE user
    	<trim prefix="SET" suffixOverrides=",">
	      	<if test="isDelete != null and isDelete != ''"> isDelete = #{isDelete}, </if>
	      	<if test="updateDate != null and updateDate != ''"> updateDate = #{updateDate}, </if>
	   	</trim>
	   	WHERE userID = #{userID}
    </delete>
	
	<resultMap id="userResult" type="gongju.model.UserMst">
    	<result property="userID" 				column="userID"/>
    	<result property="userFullName" 		column="userFullName"/>
    	<result property="phoneNum" 			column="phoneNum"/>
    	<result property="organizationName" 	column="organizationName"/>
    </resultMap>

</mapper>